logo_id,file,background,source_url,notes
124001,CJWE_FM.png,FFFFFF,https://en.wikipedia.org/wiki/File:CJWE_88.1FMCalgary_logo.jpg,
124002,CJSI_FM.png,FFFFFF,https://en.wikipedia.org/wiki/File:CJSI-FM_88-9_Shine_FM_logo.png,
124003,Ici_Musique.png,FFFFFF,https://en.wikipedia.org/wiki/File:Ici_Musique_logo.svg,
124004,CKMP_FM.png,141414,https://en.wikipedia.org/wiki/File:90.3_AMP_Radio_Logo.webp,white lettering - dark tile
124005,CJSW_FM.png,FFFFFF,https://en.wikipedia.org/wiki/File:Green_black_90.9.png,
124006,CJAY_FM.png,FFFFFF,https://en.wikipedia.org/wiki/File:CJAY92.png,
124007,CFEX_FM.png,FFFFFF,https://en.wikipedia.org/wiki/File:CFEX-FM_logo.png,
124008,CKUA_FM.png,FFFFFF,https://en.wikipedia.org/wiki/File:CKUA_logo_with_tagline.svg,
124009,CHKF_FM.png,FFFFFF,https://en.wikipedia.org/wiki/File:Fairchild_Radio_2012.png,
124010,CKWD_FM.png,FFFFFF,https://en.wikipedia.org/wiki/File:The_Wild_95.3_Logo.png,
124011,CHFM_FM.png,FFFFFF,https://en.wikipedia.org/wiki/File:CHFM_Star_95.9_Logo.svg,
124012,CJAQ_FM.png,FFFFFF,https://en.wikipedia.org/wiki/File:Jack_96.9_logo.svg,
124013,CHUP_FM.png,FFFFFF,https://en.wikipedia.org/wiki/File:CHUP-FM_C_97.7_(2021).png,
124014,CIBK_FM.png,FFFFFF,https://en.wikipedia.org/wiki/File:98.5_Virgin_Radio_Logo.svg,
124015,CBC_Radio_One.png,FFFFFF,https://en.wikipedia.org/wiki/File:CBCRadioOne.svg,
124016,CFXO_FM.png,FFFFFF,https://en.wikipedia.org/wiki/File:CFXO_SunCountry99.7_logo.png,
124017,CKUV_FM.png,FFFFFF,https://en.wikipedia.org/wiki/File:CKUV-FM.png,
124018,CKCE_FM.png,FFFFFF,https://en.wikipedia.org/wiki/File:CKCE_101.5TodayRadio_logo.png,
124019,CBC_Music.png,FFFFFF,https://en.wikipedia.org/wiki/File:Logo_CBC_Music_2016.svg,
124020,CFXL_FM.png,FFFFFF,https://en.wikipedia.org/wiki/File:Xl103_Calgary_Logo.png,
124021,Ici_Premiere.png,FFFFFF,https://en.wikipedia.org/wiki/File:ICI_Premi%C4%93re_logo.svg,
124022,CKRY_FM.png,FFFFFF,https://en.wikipedia.org/wiki/File:CKRY_Country_105_Logo.svg,
124023,CFIT_FM.png,FFFFFF,https://en.wikipedia.org/wiki/File:CFIT_Air106.1FM_logo.png,
124024,CKYR_FM.png,FFFFFF,https://en.wikipedia.org/wiki/File:CKYR-FM.png,
124025,CFGQ_FM.png,FFFFFF,https://en.wikipedia.org/wiki/File:107-3_Edge_Calgary.svg,
