region,gui_language,name
CA,ar_SA,كندا
CA,bg_BG,Канада
CA,bs_BA,Kanada
CA,ca_ES,Canadà
CA,cs_CZ,Kanada
CA,da_DK,Canada
CA,de_DE,Kanada
CA,el_GR,Καναδάς
CA,en_GB,Canada
CA,en_SA,Canada
CA,en_US,Canada
CA,es_ES,Canadá
CA,es_MX,Canadá
CA,et_EE,Kanada
CA,eu_ES,Kanada
CA,fi_FI,Kanada
CA,fr_CA,Canada
CA,fr_FR,Canada
CA,gl_ES,Canadá
CA,he_IL,קנדה
CA,hr_HR,Kanada
CA,hu_HU,Kanada
CA,it_IT,Canada
CA,lt_LT,Kanada
CA,lv_LV,Kanāda
CA,nl_NL,Canada
CA,no_NO,Canada
CA,pl_PL,Kanada
CA,pt_BR,Canadá
CA,pt_PT,Canadá
CA,ro_RO,Canada
CA,ru_RU,Канада
CA,sk_SK,Kanada
CA,sl_SI,Kanada
CA,sr_RS,Kanada
CA,sv_SE,Kanada
CA,tr_TR,Kanada
CA,uk_UA,Канада
