id,include,region,market,frequency_mhz,callsign,name,pi,pi_status,logo,language,source,notes
1,1,CA,Calgary,88.1,CJWE-FM,CJWE 88.1,CB9C,verified,CJWE_FM.png,en,car tuner list; WTFDA,HD
2,1,CA,Calgary,88.9,CJSI-FM,Shine FM,CB34,verified,CJSI_FM.png,en,car tuner list; WTFDA,
3,1,CA,Calgary,89.7,CBCX-FM,ICI Musique,B205,verified,Ici_Musique.png,fr,car tuner list,
4,1,CA,Calgary,90.3,CKMP-FM,90.3 AMP Radio,CD59,verified,CKMP_FM.png,en,car tuner list; WTFDA,
5,1,CA,Calgary,90.9,CJSW-FM,CJSW 90.9,CB42,verified,CJSW_FM.png,en,car tuner list; WTFDA,Campus radio
6,1,CA,Calgary,92.1,CJAY-FM,CJAY 92,C95C,verified,CJAY_FM.png,en,car tuner list; WTFDA,PS scrolls song/artist
7,1,CA,Calgary,92.9,CFEX-FM,X92.9,C185,verified,CFEX_FM.png,en,car tuner list; WTFDA,PS scrolls
8,1,CA,Calgary,93.7,CKUA-FM-1,CKUA,CE23,verified,CKUA_FM.png,en,car tuner list; WTFDA,Relay of CKUA-FM Edmonton; same PI network-wide
9,1,CA,Calgary,94.7,CHKF-FM,Fairchild Radio,C4D0,logged,CHKF_FM.png,en,WTFDA,Multilingual
10,1,CA,Calgary,95.3,CKWD-FM,Wild 95.3,CE5C,verified,CKWD_FM.png,en,car tuner list; WTFDA,
11,1,CA,Calgary,95.9,CHFM-FM,Star 95.9,C456,verified,CHFM_FM.png,en,car tuner list; WTFDA,
12,1,CA,Calgary,96.9,CJAQ-FM,Jack 96.9,C954,verified,CJAQ_FM.png,en,car tuner list; WTFDA,
13,1,CA,Calgary,97.7,CHUP-FM,C97.7,C5EF,verified,CHUP_FM.png,en,car tuner list; WTFDA,
14,1,CA,Calgary,98.5,CIBK-FM,Virgin Radio 98.5,C6A8,verified,CIBK_FM.png,en,car tuner list; WTFDA,
15,1,CA,Calgary,99.1,CBR-1-FM,CBC Radio One,B202,verified,CBC_Radio_One.png,en,car tuner list; WTFDA,CBC network code
16,1,CA,Calgary,99.7,CFXO-FM,Sun Country 99.7,C37F,verified,CFXO_FM.png,en,car tuner list; WTFDA,Licensed to Okotoks
17,0,CA,Calgary,100.3,VF5001,,,,,en,WTFDA,Reported silent Apr 2026
18,1,CA,Calgary,100.9,CKUV-FM,The Eagle 100.9,CE38,verified,CKUV_FM.png,en,car tuner list; WTFDA,Licensed to High River
19,1,CA,Calgary,101.5,CKCE-FM,101.5 Today Radio,CC3F,verified,CKCE_FM.png,en,car tuner list; WTFDA,
20,1,CA,Calgary,102.1,CBR-FM,CBC Music,B203,verified,CBC_Music.png,en,car tuner list; WTFDA,CBC network code
21,0,CA,Calgary,102.7,VF5111,Punjabi Radio,,,,en,WTFDA,Low power; no PI logged; no logo
22,1,CA,Calgary,103.1,CFXL-FM,XL103,C37C,verified,CFXL_FM.png,en,car tuner list; WTFDA,
23,1,CA,Calgary,103.9,CBRF-FM,ICI Premiere,B204,logged,Ici_Premiere.png,fr,WTFDA,CBC network code
24,1,CA,Calgary,105.1,CKRY-FM,Country 105,CDE9,verified,CKRY_FM.png,en,car tuner list; WTFDA,HD
25,0,CA,Calgary,105.7,CIIS-FM,,FFFF,logged,,en,WTFDA,FFFF is an encoder default; station unidentified
26,1,CA,Calgary,106.1,CFIT-FM,Air 106,C1ED,verified,CFIT_FM.png,en,car tuner list; WTFDA,Licensed to Airdrie
27,0,CA,Calgary,106.5,CIRI-FM,,,,,en,WTFDA,Second CIRI listing; may not exist
28,1,CA,Calgary,106.7,CKYR-FM,Red FM,CEA0,verified,CKYR_FM.png,en,car tuner list; WTFDA,
29,1,CA,Calgary,107.3,CFGQ-FM,107.3 The Edge,C1B4,verified,CFGQ_FM.png,en,car tuner list; WTFDA,
30,0,CA,Calgary,107.9,CIRI-FM,City of Calgary traffic radio,,,,en,WTFDA,No RDS
31,1,CA,Toronto,88.1,CIND-FM,Indie88,C7E6,verified,CIND_FM.png,en,car tuner list; WTFDA,
32,1,CA,Toronto,88.5,CKDX-FM,Hot Country 88.5,CC6D,verified,CKDX_FM.png,en,car tuner list,Licensed to Newmarket
33,1,CA,Toronto,88.9,CIRV-FM,RED FM 88.9,C865,verified,CIRV_FM.png,en,car tuner list; WTFDA,Multilingual
34,1,CA,Toronto,89.5,CIUT-FM,CIUT 89.5,C8B4,verified,CIUT_FM.png,en,car tuner list; WTFDA,Campus radio
35,1,CA,Toronto,90.3,CJBC-FM,ICI Musique,B205,verified,Ici_Musique.png,fr,car tuner list; WTFDA,CBC network code
36,1,CA,Toronto,91.1,CJRT-FM,JAZZ.FM91,CB24,verified,CJRT_FM.png,en,car tuner list; WTFDA,
37,1,CA,Toronto,91.9,CHIN-1-FM,CHIN Radio,C4A8,verified,CHIN_FM.png,en,car tuner list; WTFDA,Multilingual
38,1,CA,Toronto,92.5,CKIS-FM,KiSS 92.5,CCEF,verified,CKIS_FM.png,en,car tuner list; WTFDA,
39,1,CA,Toronto,93.5,CFXJ-FM,New Country 93.5,C37A,verified,CFXJ_FM.png,en,car tuner list; WTFDA,
40,1,CA,Toronto,94.1,CBL-FM,CBC Music,B203,verified,CBC_Music.png,en,car tuner list; WTFDA,CBC network code
41,1,CA,Toronto,94.7,CHKX-FM,KX 94.7,C4E8,verified,CHKX_FM.png,en,car tuner list,Licensed to Hamilton
42,1,CA,Toronto,94.9,CKGE-FM,94.9 The Rock,CCAB,verified,CKGE_FM.png,en,car tuner list,Licensed to Oshawa
43,1,CA,Toronto,95.3,CING-FM,Energy 95.3,C7E9,verified,CING_FM.png,en,car tuner list,Licensed to Hamilton
44,1,CA,Toronto,95.9,CJKX-FM-2,KX96,CA6A,verified,CJKX_FM.png,en,car tuner list; WTFDA,Toronto relay of CJKX-FM Ajax
45,1,CA,Toronto,96.3,CFMZ-FM,Classical 96.3,C260,verified,CFMZ_FM.png,en,car tuner list; WTFDA,
46,1,CA,Toronto,96.7,CFZM-1-FM,Zoomer Radio,C3B3,verified,CFZM.png,en,car tuner list; WTFDA,FM relay of CFZM 740 AM
47,1,CA,Toronto,96.9,CKHC-FM,Radio Humber,CCC4,verified,CKHC_FM.png,en,car tuner list; WTFDA,Campus radio
48,1,CA,Toronto,97.3,CHBM-FM,Boom 97.3,C3E9,verified,CHBM_FM.png,en,car tuner list; WTFDA,
49,1,CA,Toronto,98.1,CHFI-FM,98.1 CHFI,C452,verified,CHFI_FM.png,en,car tuner list; WTFDA,
50,1,CA,Toronto,98.7,CKFG-FM,Flow 98.7,CC92,verified,CKFG_FM.png,en,car tuner list; WTFDA,
51,1,CA,Toronto,99.9,CKFM-FM,Virgin Radio 99.9,CC98,verified,CKFM_FM.png,en,car tuner list; WTFDA,
52,1,CA,Toronto,100.7,CHIN-FM,CHIN Radio,C48E,verified,CHIN_FM.png,en,car tuner list; WTFDA,Multilingual
53,1,CA,Toronto,101.3,CJSA-FM,CMR Diversity FM,C62C,logged,CJSA_FM.png,en,WTFDA,Multilingual
54,1,CA,Toronto,102.1,CFNY-FM,102.1 The Edge,C27A,verified,CFNY_FM.png,en,car tuner list,Licensed to Brampton
55,1,CA,Toronto,102.9,CKLH-FM,Legend 102.9,CD36,verified,CKLH_FM.png,en,car tuner list,Licensed to Hamilton; formerly K-Lite/Bounce
56,1,CA,Toronto,103.5,CIDC-FM,Z103.5,C6D6,verified,CIDC_FM.png,en,car tuner list,Licensed to Orangeville
57,1,CA,Toronto,104.5,CHUM-FM,CHUM 104.5,C5EC,verified,CHUM_FM.png,en,car tuner list; WTFDA,
58,1,CA,Toronto,105.1,CHOQ-FM,CHOQ FM,C54E,verified,CHOQ_FM.png,fr,car tuner list; WTFDA,Franco-Ontarian community radio
59,1,CA,Toronto,106.5,CFPT-FM,ELMNT FM,C2AB,verified,CFPT_FM.png,en,car tuner list; WTFDA,
60,1,CA,Toronto,107.1,CILQ-FM,Q107,C7BD,verified,CILQ_FM.png,en,car tuner list; WTFDA,
61,1,CA,Toronto,107.9,CJXY-FM,Y108,CBCB,verified,CJXY_FM.png,en,car tuner list,Licensed to Burlington
62,1,CA,Vancouver,88.1,CBU-2-FM,CBC Radio One,B202,logged,CBC_Radio_One.png,en,WTFDA,CBC network code
63,1,CA,Vancouver,89.1,CKYE-FM-1,Red FM,CE94,logged,CKYE_FM.png,en,WTFDA,Surrey relay of CKYE-FM 93.1
64,1,CA,Vancouver,90.9,CBUX-FM,ICI Musique,B205,logged,Ici_Musique.png,fr,WTFDA,CBC network code
65,1,CA,Vancouver,93.1,CKYE-FM,Red FM,CE93,logged,CKYE_FM.png,en,WTFDA,Multicultural
66,1,CA,Vancouver,93.7,CJJR-FM,JR Country,CA49,logged,CJJR_FM.png,en,WTFDA,
67,1,CA,Vancouver,94.5,CFBT-FM,94.5 Virgin Radio,C130,logged,CFBT_FM.png,en,WTFDA,
68,1,CA,Vancouver,95.3,CKZZ-FM,Z95.3,CEC3,logged,CKZZ_FM.png,en,WTFDA,
69,1,CA,Vancouver,96.1,CHKG-FM,Fairchild Radio,C4D7,logged,CHKG_FM.png,en,WTFDA,Multilingual
70,1,CA,Vancouver,96.9,CJAX-FM,Jack 96.9,C95B,logged,CJAQ_FM.png,en,WTFDA,Same Jack 96.9 logo as Calgary
71,1,CA,Vancouver,97.7,CBUF-FM,ICI Premiere,B204,logged,Ici_Premiere.png,fr,WTFDA,CBC network code
72,1,CA,Vancouver,98.3,CIWV-FM,Wave 98.3,C8EC,logged,CIWV_FM.png,en,WTFDA,
73,1,CA,Vancouver,99.3,CFOX-FM,CFOX,C294,logged,CFOX_FM.png,en,WTFDA,
74,1,CA,Vancouver,101.1,CFMI-FM,Rock 101,C24F,logged,CFMI_FM.png,en,WTFDA,Licensed to New Westminster
75,1,CA,Vancouver,102.7,CKPK-FM,102.7 The Peak,CDA5,logged,CKPK_FM.png,en,WTFDA,
76,1,CA,Vancouver,103.5,CHQM-FM,Move 103.5,C580,logged,CHQM_FM.png,en,WTFDA,
77,1,CA,Vancouver,104.3,CHLG-FM,104.3 The Breeze,C4F2,logged,CHLG_FM.png,en,WTFDA,
78,1,CA,Vancouver,104.9,CKKS-FM-2,Kiss West Coast,CD26,logged,CKKS_FM.png,en,WTFDA,Vancouver relay of CKKS-FM 107.5 Chilliwack
79,1,CA,Vancouver,105.7,CBU-FM,CBC Music,B203,logged,CBC_Music.png,en,WTFDA,CBC network code
80,1,CA,Vancouver,107.7,CISF-FM,Pulse FM,C870,logged,CISF_FM.png,en,WTFDA,Licensed to Surrey
81,0,CA,Toronto,99.1,CBLA-FM,CBC Radio One,B202,verified,,en,car tuner list; WTFDA,"Same PI and frequency as the Calgary CBC Radio One row (id 15), which covers Toronto too"
82,0,CA,Vancouver,90.1,CJSF-FM,CJSF,,,,en,WTFDA,Campus radio (Burnaby); no PI logged
83,0,CA,Vancouver,91.5,CKBU-FM,Connect FM,C987,logged,,en,WTFDA,Licensed to Surrey; no logo found
84,0,CA,Vancouver,100.5,CFRO-FM,Co-op Radio,,,,en,WTFDA,No PI logged
85,0,CA,Vancouver,101.9,CITR-FM,CITR,,,,en,WTFDA,Campus radio; no PI logged
86,0,CA,Vancouver,106.3,CJNY-FM,CJNY,CABC,logged,,en,WTFDA,Station/logo not identified
87,0,CA,Vancouver,107.9,CFML-FM,Evolution 107.9,,,,en,WTFDA,Campus radio (Burnaby); no PI logged
88,1,CA,Edmonton,88.5,CJSR-FM,CJSR FM88,CB3D,logged,CJSR_FM.png,en,WTFDA,Campus radio
89,1,CA,Edmonton,90.1,CHFA-10-FM,ICI Premiere,B204,verified,Ici_Premiere.png,fr,car tuner list; WTFDA,CBC network code
90,1,CA,Edmonton,90.9,CBX-FM,CBC Music,B203,verified,CBC_Music.png,en,car tuner list; WTFDA,CBC network code
91,1,CA,Edmonton,91.7,CHBN-FM,Kiss 91.7,C3EA,verified,CHBN_FM.png,en,car tuner list,Not in WTFDA; car PI matches the call-sign pattern
92,1,CA,Edmonton,92.5,CKNG-FM,Chuck @ 92.5,CD6B,verified,CKNG_FM.png,en,car tuner list; WTFDA,
93,1,CA,Edmonton,93.1,CJLD-FM,93.1 The One,CA71,verified,CJLD_FM.png,en,car tuner list,Licensed to Leduc; car PI matches the call-sign pattern
94,1,CA,Edmonton,93.9,CBX-2-FM,CBC Radio One,B202,verified,CBC_Radio_One.png,en,car tuner list; WTFDA,CBC network code
95,1,CA,Edmonton,94.9,CKUA-FM,CKUA,CE23,verified,CKUA_FM.png,en,car tuner list; WTFDA,Same PI network-wide
96,1,CA,Edmonton,95.7,CKEA-FM,95.7 Cruz FM,CC71,verified,CKEA_FM.png,en,car tuner list; WTFDA,
97,1,CA,Edmonton,96.3,CKRA-FM,96.3 The Breeze,CDD1,verified,CKRA_FM.png,en,car tuner list; WTFDA,
98,1,CA,Edmonton,97.3,CIRK-FM,K-97,C85A,verified,CIRK_FM.png,en,car tuner list; WTFDA,
99,1,CA,Edmonton,98.5,CFWE-FM,CFWE,C35A,verified,CFWE_FM.png,en,car tuner list,First Nations community radio; same PI on 88.7
100,1,CA,Edmonton,99.3,CIUP-FM,Up! 99.3,C8B0,verified,CIUP_FM.png,en,car tuner list; WTFDA,
101,1,CA,Edmonton,100.3,CFBR-FM,100.3 The Bear,C12E,verified,CFBR_FM.png,en,car tuner list; WTFDA,
102,1,CA,Edmonton,101.1,CBCX-FM-1,ICI Musique,B205,verified,Ici_Musique.png,fr,car tuner list; WTFDA,CBC network code
103,1,CA,Edmonton,101.7,CKER-FM,Connect 101.7,CC82,logged,CKER_FM.png,en,WTFDA,Multilingual; the car logged CD7C on 101.7 (unidentified)
104,1,CA,Edmonton,102.3,CKNO-FM,102.3 Now! Radio,CD73,verified,CKNO_FM.png,en,car tuner list; WTFDA,
105,1,CA,Edmonton,102.9,CHDI-FM,SONiC 102.9,C41C,verified,CHDI_FM.png,en,car tuner list; WTFDA,
106,1,CA,Edmonton,103.9,CISN-FM,CISN Country 103.9,C878,verified,CISN_FM.png,en,car tuner list; WTFDA,
107,1,CA,Edmonton,104.9,CFMG-FM,104.9 Virgin Radio,C24D,verified,CFMG_FM.png,en,car tuner list; WTFDA,
108,1,CA,Edmonton,105.9,CJRY-FM,Shine 105.9 FM,CB29,verified,CJRY_FM.png,en,car tuner list; WTFDA,
109,1,CA,Edmonton,107.1,CKPW-FM,Play 107.1,CDB1,verified,CKPW_FM.png,en,car tuner list; WTFDA,
110,1,CA,Edmonton,107.9,CKFT-FM,Mix 107.9,CC9F,guess,CKFT_FM.png,en,call-sign pattern,Licensed to Fort Saskatchewan; PI not logged anywhere - replace when seen
111,0,CA,Edmonton,89.3,CIWE-FM,The Raven,C8DB,verified,,en,car tuner list; WTFDA,First Nations community radio; no logo found
112,0,CA,Edmonton,97.9,CFED-FM,Radio Cite,C171,logged,,en,WTFDA,Francophone community radio; no logo found
